{
  "version": 1,
  "author": "Briyan",
  "editor": "wokwi",
  "parts": [
    { "type": "wokwi-esp32-devkit-v1", "id": "esp", "top": 224.1, "left": 103.57, "attrs": {} },
    {
      "type": "wokwi-ili9341",
      "id": "lcd1",
      "top": -119.4,
      "left": 116.9,
      "rotate": 90,
      "attrs": {}
    }
  ],
  "connections": [
    [ "esp:TX0", "$serialMonitor:RX", "", [] ],
    [ "esp:RX0", "$serialMonitor:TX", "", [] ],
    [ "lcd1:SCK", "esp:D18", "green", [ "v31.4", "h-122.8", "v221.39" ] ],
    [ "lcd1:CS", "esp:D5", "green", [ "h-38.4", "v144", "h220.8", "v161.8" ] ],
    [ "lcd1:MOSI", "esp:D23", "green", [ "h-28.8", "v124.79", "h201.6", "v84.9" ] ],
    [ "lcd1:GND", "esp:GND.1", "black", [ "h-115.2", "v134.4", "h333.68", "v238.7" ] ],
    [ "lcd1:VCC", "esp:VIN", "red", [ "h-76.8", "v392.2" ] ],
    [ "lcd1:LED", "esp:VIN", "red", [ "v-0.01", "h-170.8", "v325" ] ],
    [ "lcd1:MISO", "esp:D19", "green", [ "h-19.2", "v129.39", "h261.2", "v99.7" ] ],
    [ "lcd1:D/C", "esp:D33", "green", [ "h-105.6", "v124.8", "h0", "v152.2" ] ],
    [ "lcd1:RST", "esp:D32", "green", [ "h-96", "v50.46", "h-17.05", "v226.64" ] ]
  ],
  "dependencies": {}
}